{
    "playerX": -70.24918365478516,
    "playerY": 2.5799999237060549,
    "playerZ": 55.80113983154297,
    "enemigosRestantes": 20
}